{"cameraMode":{"drawMode":0,"name":"Shaded","section":"Shading Mode"},"sceneLighting":true,"audioPlay":false,"sceneViewState":{"m_AlwaysRefresh":false,"showFog":true,"showSkybox":true,"showFlares":true,"showImageEffects":true,"showParticleSystems":true,"showVisualEffectGraphs":true,"m_FxEnabled":true},"in2DMode":false,"pivot":{"x":0.11346971988677979,"y":0.4713492691516876,"z":-0.14294451475143434},"rotation":{"x":-0.3411867022514343,"y":0.5317133069038391,"z":-0.24691136181354524,"w":-0.7348154187202454},"size":3.802513599395752,"orthographic":false}