{"cameraMode":{"drawMode":0,"name":"Shaded","section":"Shading Mode"},"sceneLighting":true,"audioPlay":false,"sceneViewState":{"m_AlwaysRefresh":false,"showFog":true,"showSkybox":true,"showFlares":true,"showImageEffects":true,"showParticleSystems":true,"showVisualEffectGraphs":true,"m_FxEnabled":true},"in2DMode":false,"pivot":{"x":7.906564712524414,"y":0.9994126558303833,"z":-14.863649368286133},"rotation":{"x":-0.03801310807466507,"y":0.18743960559368134,"z":-0.007258434779942036,"w":-0.9815155863761902},"size":0.19514332711696626,"orthographic":false}