{"cameraMode":{"drawMode":0,"name":"Shaded","section":"Shading Mode"},"sceneLighting":true,"audioPlay":false,"sceneViewState":{"m_AlwaysRefresh":false,"showFog":true,"showSkybox":true,"showFlares":true,"showImageEffects":true,"showParticleSystems":true,"showVisualEffectGraphs":true,"m_FxEnabled":true},"in2DMode":false,"pivot":{"x":-2.878035545349121,"y":12.441056251525879,"z":-0.9494669437408447},"rotation":{"x":-0.15972694754600526,"y":0.1990043967962265,"z":-0.032893456518650058,"w":-0.9663391709327698},"size":1.7686011791229249,"orthographic":false}