{"cameraMode":{"drawMode":0,"name":"Shaded","section":"Shading Mode"},"sceneLighting":false,"audioPlay":false,"sceneViewState":{"m_AlwaysRefresh":false,"showFog":true,"showSkybox":false,"showFlares":true,"showImageEffects":true,"showParticleSystems":true,"showVisualEffectGraphs":true,"m_FxEnabled":true},"in2DMode":false,"pivot":{"x":-11.579727172851563,"y":4.375009059906006,"z":-53.99811553955078},"rotation":{"x":0.0033078044652938844,"y":-0.034498173743486407,"z":0.00011372890003258362,"w":0.9994043111801148},"size":0.8660253882408142,"orthographic":false}